;booking_platform_key;booking_platform_label;booking_platform_u_r_l;capacity_booking_status;capacity_type;data_set;direction_key;flow_status;general_remarks;id;id_point_type;indicator;interruption_calculation_remark;interruption_type;is_archived;is_cam_relevant;is_cmp_relevant;is_n_a;is_unlimited;item_remarks;last_update_date_time;operator_key;operator_label;original_period_from;period_from;period_to;period_type;point_key;point_label;point_type;restoration_information;tso_eic_code;tso_item_identifier;unit;value
0;;;;;;1;entry;Provisional;;1Allocationday2018-01-012018-01-02DE-TSO-0018ITP-00297entrykWh/d;1;Allocation;;;False;True;True;;;;2021-01-15T18:34:36+01:00;DE-TSO-0018;Fluxys Deutschland;;2018-01-01T06:00:00+01:00;2018-01-02T06:00:00+01:00;day;ITP-00297;Greifswald / Fluxys Deutschland;Cross-Border Transmission IP between EU and Non-EU (import);;21X0000000012388;21Z000000000255M;kWh/d;163950864
1;;;;;;1;exit;Provisional;;1Allocationday2018-01-012018-01-02DE-TSO-0018ITP-00297exitkWh/d;1;Allocation;;;False;False;False;;;;2021-01-15T19:27:08+01:00;DE-TSO-0018;Fluxys Deutschland;;2018-01-01T06:00:00+01:00;2018-01-02T06:00:00+01:00;day;ITP-00297;Greifswald / Fluxys Deutschland;Cross-Border Transmission IP between EU and Non-EU (import);;21X0000000012388;21Z000000000255M;kWh/d;0
2;;;;;;1;entry;Provisional;;1Allocationday2018-01-022018-01-03DE-TSO-0018ITP-00297entrykWh/d;1;Allocation;;;False;True;True;;;;2021-01-15T19:25:47+01:00;DE-TSO-0018;Fluxys Deutschland;;2018-01-02T06:00:00+01:00;2018-01-03T06:00:00+01:00;day;ITP-00297;Greifswald / Fluxys Deutschland;Cross-Border Transmission IP between EU and Non-EU (import);;21X0000000012388;21Z000000000255M;kWh/d;163950864
3;;;;;;1;exit;Provisional;;1Allocationday2018-01-022018-01-03DE-TSO-0018ITP-00297exitkWh/d;1;Allocation;;;False;False;False;;;;2021-01-15T18:32:33+01:00;DE-TSO-0018;Fluxys Deutschland;;2018-01-02T06:00:00+01:00;2018-01-03T06:00:00+01:00;day;ITP-00297;Greifswald / Fluxys Deutschland;Cross-Border Transmission IP between EU and Non-EU (import);;21X0000000012388;21Z000000000255M;kWh/d;0
4;;;;;;1;entry;Provisional;;1Allocationday2018-01-032018-01-04DE-TSO-0018ITP-00297entrykWh/d;1;Allocation;;;False;True;True;;;;2021-01-15T18:59:57+01:00;DE-TSO-0018;Fluxys Deutschland;;2018-01-03T06:00:00+01:00;2018-01-04T06:00:00+01:00;day;ITP-00297;Greifswald / Fluxys Deutschland;Cross-Border Transmission IP between EU and Non-EU (import);;21X0000000012388;21Z000000000255M;kWh/d;163950864
5;;;;;;1;exit;Provisional;;1Allocationday2018-01-032018-01-04DE-TSO-0018ITP-00297exitkWh/d;1;Allocation;;;False;False;False;;;;2021-01-15T18:59:10+01:00;DE-TSO-0018;Fluxys Deutschland;;2018-01-03T06:00:00+01:00;2018-01-04T06:00:00+01:00;day;ITP-00297;Greifswald / Fluxys Deutschland;Cross-Border Transmission IP between EU and Non-EU (import);;21X0000000012388;21Z000000000255M;kWh/d;0
6;;;;;;1;entry;Provisional;;1Allocationday2018-01-042018-01-05DE-TSO-0018ITP-00297entrykWh/d;1;Allocation;;;False;True;True;;;;2021-01-15T18:34:36+01:00;DE-TSO-0018;Fluxys Deutschland;;2018-01-04T06:00:00+01:00;2018-01-05T06:00:00+01:00;day;ITP-00297;Greifswald / Fluxys Deutschland;Cross-Border Transmission IP between EU and Non-EU (import);;21X0000000012388;21Z000000000255M;kWh/d;163950864
7;;;;;;1;exit;Provisional;;1Allocationday2018-01-042018-01-05DE-TSO-0018ITP-00297exitkWh/d;1;Allocation;;;False;False;False;;;;2021-01-15T19:27:08+01:00;DE-TSO-0018;Fluxys Deutschland;;2018-01-04T06:00:00+01:00;2018-01-05T06:00:00+01:00;day;ITP-00297;Greifswald / Fluxys Deutschland;Cross-Border Transmission IP between EU and Non-EU (import);;21X0000000012388;21Z000000000255M;kWh/d;0
8;;;;;;1;entry;Provisional;;1Allocationday2018-01-052018-01-06DE-TSO-0018ITP-00297entrykWh/d;1;Allocation;;;False;True;True;;;;2021-01-15T18:57:07+01:00;DE-TSO-0018;Fluxys Deutschland;;2018-01-05T06:00:00+01:00;2018-01-06T06:00:00+01:00;day;ITP-00297;Greifswald / Fluxys Deutschland;Cross-Border Transmission IP between EU and Non-EU (import);;21X0000000012388;21Z000000000255M;kWh/d;163950864
9;;;;;;1;exit;Provisional;;1Allocationday2018-01-052018-01-06DE-TSO-0018ITP-00297exitkWh/d;1;Allocation;;;False;False;False;;;;2021-01-15T18:35:02+01:00;DE-TSO-0018;Fluxys Deutschland;;2018-01-05T06:00:00+01:00;2018-01-06T06:00:00+01:00;day;ITP-00297;Greifswald / Fluxys Deutschland;Cross-Border Transmission IP between EU and Non-EU (import);;21X0000000012388;21Z000000000255M;kWh/d;0
10;;;;;;1;entry;Provisional;;1Allocationday2018-01-062018-01-07DE-TSO-0018ITP-00297entrykWh/d;1;Allocation;;;False;True;True;;;;2021-01-15T18:59:57+01:00;DE-TSO-0018;Fluxys Deutschland;;2018-01-06T06:00:00+01:00;2018-01-07T06:00:00+01:00;day;ITP-00297;Greifswald / Fluxys Deutschland;Cross-Border Transmission IP between EU and Non-EU (import);;21X0000000012388;21Z000000000255M;kWh/d;163950864
11;;;;;;1;exit;Provisional;;1Allocationday2018-01-062018-01-07DE-TSO-0018ITP-00297exitkWh/d;1;Allocation;;;False;False;False;;;;2021-01-15T18:59:10+01:00;DE-TSO-0018;Fluxys Deutschland;;2018-01-06T06:00:00+01:00;2018-01-07T06:00:00+01:00;day;ITP-00297;Greifswald / Fluxys Deutschland;Cross-Border Transmission IP between EU and Non-EU (import);;21X0000000012388;21Z000000000255M;kWh/d;0
12;;;;;;1;entry;Provisional;;1Allocationday2018-01-072018-01-08DE-TSO-0018ITP-00297entrykWh/d;1;Allocation;;;False;True;True;;;;2021-01-15T18:34:36+01:00;DE-TSO-0018;Fluxys Deutschland;;2018-01-07T06:00:00+01:00;2018-01-08T06:00:00+01:00;day;ITP-00297;Greifswald / Fluxys Deutschland;Cross-Border Transmission IP between EU and Non-EU (import);;21X0000000012388;21Z000000000255M;kWh/d;163950864
13;;;;;;1;exit;Provisional;;1Allocationday2018-01-072018-01-08DE-TSO-0018ITP-00297exitkWh/d;1;Allocation;;;False;False;False;;;;2021-01-15T19:27:08+01:00;DE-TSO-0018;Fluxys Deutschland;;2018-01-07T06:00:00+01:00;2018-01-08T06:00:00+01:00;day;ITP-00297;Greifswald / Fluxys Deutschland;Cross-Border Transmission IP between EU and Non-EU (import);;21X0000000012388;21Z000000000255M;kWh/d;0
14;;;;;;1;entry;Provisional;;1Allocationday2018-01-082018-01-09DE-TSO-0018ITP-00297entrykWh/d;1;Allocation;;;False;True;True;;;;2021-01-15T19:29:39+01:00;DE-TSO-0018;Fluxys Deutschland;;2018-01-08T06:00:00+01:00;2018-01-09T06:00:00+01:00;day;ITP-00297;Greifswald / Fluxys Deutschland;Cross-Border Transmission IP between EU and Non-EU (import);;21X0000000012388;21Z000000000255M;kWh/d;163950864
15;;;;;;1;exit;Provisional;;1Allocationday2018-01-082018-01-09DE-TSO-0018ITP-00297exitkWh/d;1;Allocation;;;False;False;False;;;;2021-01-15T19:00:13+01:00;DE-TSO-0018;Fluxys Deutschland;;2018-01-08T06:00:00+01:00;2018-01-09T06:00:00+01:00;day;ITP-00297;Greifswald / Fluxys Deutschland;Cross-Border Transmission IP between EU and Non-EU (import);;21X0000000012388;21Z000000000255M;kWh/d;0
16;;;;;;1;entry;Provisional;;1Allocationday2018-01-092018-01-10DE-TSO-0018ITP-00297entrykWh/d;1;Allocation;;;False;True;True;;;;2021-01-15T19:00:04+01:00;DE-TSO-0018;Fluxys Deutschland;;2018-01-09T06:00:00+01:00;2018-01-10T06:00:00+01:00;day;ITP-00297;Greifswald / Fluxys Deutschland;Cross-Border Transmission IP between EU and Non-EU (import);;21X0000000012388;21Z000000000255M;kWh/d;163950864
17;;;;;;1;exit;Provisional;;1Allocationday2018-01-092018-01-10DE-TSO-0018ITP-00297exitkWh/d;1;Allocation;;;False;False;False;;;;2021-01-15T18:59:10+01:00;DE-TSO-0018;Fluxys Deutschland;;2018-01-09T06:00:00+01:00;2018-01-10T06:00:00+01:00;day;ITP-00297;Greifswald / Fluxys Deutschland;Cross-Border Transmission IP between EU and Non-EU (import);;21X0000000012388;21Z000000000255M;kWh/d;0
18;;;;;;1;entry;Provisional;;1Allocationday2018-01-102018-01-11DE-TSO-0018ITP-00297entrykWh/d;1;Allocation;;;False;True;True;;;;2021-01-15T18:57:07+01:00;DE-TSO-0018;Fluxys Deutschland;;2018-01-10T06:00:00+01:00;2018-01-11T06:00:00+01:00;day;ITP-00297;Greifswald / Fluxys Deutschland;Cross-Border Transmission IP between EU and Non-EU (import);;21X0000000012388;21Z000000000255M;kWh/d;163950864
19;;;;;;1;exit;Provisional;;1Allocationday2018-01-102018-01-11DE-TSO-0018ITP-00297exitkWh/d;1;Allocation;;;False;False;False;;;;2021-01-15T18:35:02+01:00;DE-TSO-0018;Fluxys Deutschland;;2018-01-10T06:00:00+01:00;2018-01-11T06:00:00+01:00;day;ITP-00297;Greifswald / Fluxys Deutschland;Cross-Border Transmission IP between EU and Non-EU (import);;21X0000000012388;21Z000000000255M;kWh/d;0
20;;;;;;1;entry;Provisional;;1Allocationday2018-01-112018-01-12DE-TSO-0018ITP-00297entrykWh/d;1;Allocation;;;False;True;True;;;;2021-01-15T19:29:39+01:00;DE-TSO-0018;Fluxys Deutschland;;2018-01-11T06:00:00+01:00;2018-01-12T06:00:00+01:00;day;ITP-00297;Greifswald / Fluxys Deutschland;Cross-Border Transmission IP between EU and Non-EU (import);;21X0000000012388;21Z000000000255M;kWh/d;163950864
21;;;;;;1;exit;Provisional;;1Allocationday2018-01-112018-01-12DE-TSO-0018ITP-00297exitkWh/d;1;Allocation;;;False;False;False;;;;2021-01-15T19:00:13+01:00;DE-TSO-0018;Fluxys Deutschland;;2018-01-11T06:00:00+01:00;2018-01-12T06:00:00+01:00;day;ITP-00297;Greifswald / Fluxys Deutschland;Cross-Border Transmission IP between EU and Non-EU (import);;21X0000000012388;21Z000000000255M;kWh/d;0
22;;;;;;1;entry;Provisional;;1Allocationday2018-01-122018-01-13DE-TSO-0018ITP-00297entrykWh/d;1;Allocation;;;False;True;True;;;;2021-01-15T18:32:18+01:00;DE-TSO-0018;Fluxys Deutschland;;2018-01-12T06:00:00+01:00;2018-01-13T06:00:00+01:00;day;ITP-00297;Greifswald / Fluxys Deutschland;Cross-Border Transmission IP between EU and Non-EU (import);;21X0000000012388;21Z000000000255M;kWh/d;163950864
23;;;;;;1;exit;Provisional;;1Allocationday2018-01-122018-01-13DE-TSO-0018ITP-00297exitkWh/d;1;Allocation;;;False;False;False;;;;2021-01-15T18:57:15+01:00;DE-TSO-0018;Fluxys Deutschland;;2018-01-12T06:00:00+01:00;2018-01-13T06:00:00+01:00;day;ITP-00297;Greifswald / Fluxys Deutschland;Cross-Border Transmission IP between EU and Non-EU (import);;21X0000000012388;21Z000000000255M;kWh/d;0
24;;;;;;1;entry;Provisional;;1Allocationday2018-01-132018-01-14DE-TSO-0018ITP-00297entrykWh/d;1;Allocation;;;False;True;True;;;;2021-01-15T19:25:47+01:00;DE-TSO-0018;Fluxys Deutschland;;2018-01-13T06:00:00+01:00;2018-01-14T06:00:00+01:00;day;ITP-00297;Greifswald / Fluxys Deutschland;Cross-Border Transmission IP between EU and Non-EU (import);;21X0000000012388;21Z000000000255M;kWh/d;163950864
25;;;;;;1;exit;Provisional;;1Allocationday2018-01-132018-01-14DE-TSO-0018ITP-00297exitkWh/d;1;Allocation;;;False;False;False;;;;2021-01-15T18:32:33+01:00;DE-TSO-0018;Fluxys Deutschland;;2018-01-13T06:00:00+01:00;2018-01-14T06:00:00+01:00;day;ITP-00297;Greifswald / Fluxys Deutschland;Cross-Border Transmission IP between EU and Non-EU (import);;21X0000000012388;21Z000000000255M;kWh/d;0
26;;;;;;1;entry;Provisional;;1Allocationday2018-01-142018-01-15DE-TSO-0018ITP-00297entrykWh/d;1;Allocation;;;False;True;True;;;;2021-01-15T18:47:55+01:00;DE-TSO-0018;Fluxys Deutschland;;2018-01-14T06:00:00+01:00;2018-01-15T06:00:00+01:00;day;ITP-00297;Greifswald / Fluxys Deutschland;Cross-Border Transmission IP between EU and Non-EU (import);;21X0000000012388;21Z000000000255M;kWh/d;163950864
27;;;;;;1;exit;Provisional;;1Allocationday2018-01-142018-01-15DE-TSO-0018ITP-00297exitkWh/d;1;Allocation;;;False;False;False;;;;2021-01-15T19:30:09+01:00;DE-TSO-0018;Fluxys Deutschland;;2018-01-14T06:00:00+01:00;2018-01-15T06:00:00+01:00;day;ITP-00297;Greifswald / Fluxys Deutschland;Cross-Border Transmission IP between EU and Non-EU (import);;21X0000000012388;21Z000000000255M;kWh/d;0
28;;;;;;1;entry;Provisional;;1Allocationday2018-01-152018-01-16DE-TSO-0018ITP-00297entrykWh/d;1;Allocation;;;False;True;True;;;;2021-01-15T18:32:18+01:00;DE-TSO-0018;Fluxys Deutschland;;2018-01-15T06:00:00+01:00;2018-01-16T06:00:00+01:00;day;ITP-00297;Greifswald / Fluxys Deutschland;Cross-Border Transmission IP between EU and Non-EU (import);;21X0000000012388;21Z000000000255M;kWh/d;163950864
29;;;;;;1;exit;Provisional;;1Allocationday2018-01-152018-01-16DE-TSO-0018ITP-00297exitkWh/d;1;Allocation;;;False;False;False;;;;2021-01-15T18:57:15+01:00;DE-TSO-0018;Fluxys Deutschland;;2018-01-15T06:00:00+01:00;2018-01-16T06:00:00+01:00;day;ITP-00297;Greifswald / Fluxys Deutschland;Cross-Border Transmission IP between EU and Non-EU (import);;21X0000000012388;21Z000000000255M;kWh/d;0
30;;;;;;1;entry;Provisional;;1Allocationday2018-01-162018-01-17DE-TSO-0018ITP-00297entrykWh/d;1;Allocation;;;False;True;True;;;;2021-01-15T18:58:57+01:00;DE-TSO-0018;Fluxys Deutschland;;2018-01-16T06:00:00+01:00;2018-01-17T06:00:00+01:00;day;ITP-00297;Greifswald / Fluxys Deutschland;Cross-Border Transmission IP between EU and Non-EU (import);;21X0000000012388;21Z000000000255M;kWh/d;163950864
31;;;;;;1;exit;Provisional;;1Allocationday2018-01-162018-01-17DE-TSO-0018ITP-00297exitkWh/d;1;Allocation;;;False;False;False;;;;2021-01-15T18:48:29+01:00;DE-TSO-0018;Fluxys Deutschland;;2018-01-16T06:00:00+01:00;2018-01-17T06:00:00+01:00;day;ITP-00297;Greifswald / Fluxys Deutschland;Cross-Border Transmission IP between EU and Non-EU (import);;21X0000000012388;21Z000000000255M;kWh/d;0
32;;;;;;1;entry;Provisional;;1Allocationday2018-01-172018-01-18DE-TSO-0018ITP-00297entrykWh/d;1;Allocation;;;False;True;True;;;;2021-01-15T18:47:55+01:00;DE-TSO-0018;Fluxys Deutschland;;2018-01-17T06:00:00+01:00;2018-01-18T06:00:00+01:00;day;ITP-00297;Greifswald / Fluxys Deutschland;Cross-Border Transmission IP between EU and Non-EU (import);;21X0000000012388;21Z000000000255M;kWh/d;163950864
33;;;;;;1;exit;Provisional;;1Allocationday2018-01-172018-01-18DE-TSO-0018ITP-00297exitkWh/d;1;Allocation;;;False;False;False;;;;2021-01-15T19:30:09+01:00;DE-TSO-0018;Fluxys Deutschland;;2018-01-17T06:00:00+01:00;2018-01-18T06:00:00+01:00;day;ITP-00297;Greifswald / Fluxys Deutschland;Cross-Border Transmission IP between EU and Non-EU (import);;21X0000000012388;21Z000000000255M;kWh/d;0
34;;;;;;1;entry;Provisional;;1Allocationday2018-01-182018-01-19DE-TSO-0018ITP-00297entrykWh/d;1;Allocation;;;False;True;True;;;;2021-01-15T19:25:47+01:00;DE-TSO-0018;Fluxys Deutschland;;2018-01-18T06:00:00+01:00;2018-01-19T06:00:00+01:00;day;ITP-00297;Greifswald / Fluxys Deutschland;Cross-Border Transmission IP between EU and Non-EU (import);;21X0000000012388;21Z000000000255M;kWh/d;163950864
35;;;;;;1;exit;Provisional;;1Allocationday2018-01-182018-01-19DE-TSO-0018ITP-00297exitkWh/d;1;Allocation;;;False;False;False;;;;2021-01-15T18:32:33+01:00;DE-TSO-0018;Fluxys Deutschland;;2018-01-18T06:00:00+01:00;2018-01-19T06:00:00+01:00;day;ITP-00297;Greifswald / Fluxys Deutschland;Cross-Border Transmission IP between EU and Non-EU (import);;21X0000000012388;21Z000000000255M;kWh/d;0
36;;;;;;1;entry;Provisional;;1Allocationday2018-01-192018-01-20DE-TSO-0018ITP-00297entrykWh/d;1;Allocation;;;False;True;True;;;;2021-01-15T18:58:57+01:00;DE-TSO-0018;Fluxys Deutschland;;2018-01-19T06:00:00+01:00;2018-01-20T06:00:00+01:00;day;ITP-00297;Greifswald / Fluxys Deutschland;Cross-Border Transmission IP between EU and Non-EU (import);;21X0000000012388;21Z000000000255M;kWh/d;163950864
37;;;;;;1;exit;Provisional;;1Allocationday2018-01-192018-01-20DE-TSO-0018ITP-00297exitkWh/d;1;Allocation;;;False;False;False;;;;2021-01-15T18:48:29+01:00;DE-TSO-0018;Fluxys Deutschland;;2018-01-19T06:00:00+01:00;2018-01-20T06:00:00+01:00;day;ITP-00297;Greifswald / Fluxys Deutschland;Cross-Border Transmission IP between EU and Non-EU (import);;21X0000000012388;21Z000000000255M;kWh/d;0
38;;;;;;1;entry;Provisional;;1Allocationday2018-01-202018-01-21DE-TSO-0018ITP-00297entrykWh/d;1;Allocation;;;False;True;True;;;;2021-01-15T18:34:36+01:00;DE-TSO-0018;Fluxys Deutschland;;2018-01-20T06:00:00+01:00;2018-01-21T06:00:00+01:00;day;ITP-00297;Greifswald / Fluxys Deutschland;Cross-Border Transmission IP between EU and Non-EU (import);;21X0000000012388;21Z000000000255M;kWh/d;163950864
39;;;;;;1;exit;Provisional;;1Allocationday2018-01-202018-01-21DE-TSO-0018ITP-00297exitkWh/d;1;Allocation;;;False;False;False;;;;2021-01-15T19:27:08+01:00;DE-TSO-0018;Fluxys Deutschland;;2018-01-20T06:00:00+01:00;2018-01-21T06:00:00+01:00;day;ITP-00297;Greifswald / Fluxys Deutschland;Cross-Border Transmission IP between EU and Non-EU (import);;21X0000000012388;21Z000000000255M;kWh/d;0
40;;;;;;1;entry;Provisional;;1Allocationday2018-01-202018-01-21DE-TSO-0018ITP-00517entrykWh/d;5;Allocation;;;False;True;True;;;;2021-01-15T18:32:42+01:00;DE-TSO-0018;Fluxys Deutschland;;2018-01-20T06:00:00+01:00;2018-01-21T06:00:00+01:00;day;ITP-00517;Achim II;Transmission Point;;21X0000000012388;37Z0000000070550;kWh/d;0
41;;;;;;1;exit;Provisional;;1Allocationday2018-01-202018-01-21DE-TSO-0018ITP-00517exitkWh/d;5;Allocation;;;False;True;True;;;;2021-01-15T18:50:02+01:00;DE-TSO-0018;Fluxys Deutschland;;2018-01-20T06:00:00+01:00;2018-01-21T06:00:00+01:00;day;ITP-00517;Achim II;Transmission Point;;21X0000000012388;37Z0000000070550;kWh/d;2750000
42;;;;;;1;entry;Provisional;;1Allocationday2018-01-212018-01-22DE-TSO-0018ITP-00297entrykWh/d;1;Allocation;;;False;True;True;;;;2021-01-15T18:57:07+01:00;DE-TSO-0018;Fluxys Deutschland;;2018-01-21T06:00:00+01:00;2018-01-22T06:00:00+01:00;day;ITP-00297;Greifswald / Fluxys Deutschland;Cross-Border Transmission IP between EU and Non-EU (import);;21X0000000012388;21Z000000000255M;kWh/d;163950864
43;;;;;;1;exit;Provisional;;1Allocationday2018-01-212018-01-22DE-TSO-0018ITP-00297exitkWh/d;1;Allocation;;;False;False;False;;;;2021-01-15T18:35:02+01:00;DE-TSO-0018;Fluxys Deutschland;;2018-01-21T06:00:00+01:00;2018-01-22T06:00:00+01:00;day;ITP-00297;Greifswald / Fluxys Deutschland;Cross-Border Transmission IP between EU and Non-EU (import);;21X0000000012388;21Z000000000255M;kWh/d;0
44;;;;;;1;entry;Provisional;;1Allocationday2018-01-222018-01-23DE-TSO-0018ITP-00297entrykWh/d;1;Allocation;;;False;True;True;;;;2021-01-15T19:00:04+01:00;DE-TSO-0018;Fluxys Deutschland;;2018-01-22T06:00:00+01:00;2018-01-23T06:00:00+01:00;day;ITP-00297;Greifswald / Fluxys Deutschland;Cross-Border Transmission IP between EU and Non-EU (import);;21X0000000012388;21Z000000000255M;kWh/d;163950864
45;;;;;;1;exit;Provisional;;1Allocationday2018-01-222018-01-23DE-TSO-0018ITP-00297exitkWh/d;1;Allocation;;;False;False;False;;;;2021-01-15T18:59:10+01:00;DE-TSO-0018;Fluxys Deutschland;;2018-01-22T06:00:00+01:00;2018-01-23T06:00:00+01:00;day;ITP-00297;Greifswald / Fluxys Deutschland;Cross-Border Transmission IP between EU and Non-EU (import);;21X0000000012388;21Z000000000255M;kWh/d;0
46;;;;;;1;entry;Provisional;;1Allocationday2018-01-232018-01-24DE-TSO-0018ITP-00297entrykWh/d;1;Allocation;;;False;True;True;;;;2021-01-15T18:34:36+01:00;DE-TSO-0018;Fluxys Deutschland;;2018-01-23T06:00:00+01:00;2018-01-24T06:00:00+01:00;day;ITP-00297;Greifswald / Fluxys Deutschland;Cross-Border Transmission IP between EU and Non-EU (import);;21X0000000012388;21Z000000000255M;kWh/d;163950864
47;;;;;;1;exit;Provisional;;1Allocationday2018-01-232018-01-24DE-TSO-0018ITP-00297exitkWh/d;1;Allocation;;;False;False;False;;;;2021-01-15T19:27:08+01:00;DE-TSO-0018;Fluxys Deutschland;;2018-01-23T06:00:00+01:00;2018-01-24T06:00:00+01:00;day;ITP-00297;Greifswald / Fluxys Deutschland;Cross-Border Transmission IP between EU and Non-EU (import);;21X0000000012388;21Z000000000255M;kWh/d;0
48;;;;;;1;entry;Provisional;;1Allocationday2018-01-242018-01-25DE-TSO-0018ITP-00297entrykWh/d;1;Allocation;;;False;True;True;;;;2021-01-15T19:29:39+01:00;DE-TSO-0018;Fluxys Deutschland;;2018-01-24T06:00:00+01:00;2018-01-25T06:00:00+01:00;day;ITP-00297;Greifswald / Fluxys Deutschland;Cross-Border Transmission IP between EU and Non-EU (import);;21X0000000012388;21Z000000000255M;kWh/d;163950864
49;;;;;;1;exit;Provisional;;1Allocationday2018-01-242018-01-25DE-TSO-0018ITP-00297exitkWh/d;1;Allocation;;;False;False;False;;;;2021-01-15T19:00:13+01:00;DE-TSO-0018;Fluxys Deutschland;;2018-01-24T06:00:00+01:00;2018-01-25T06:00:00+01:00;day;ITP-00297;Greifswald / Fluxys Deutschland;Cross-Border Transmission IP between EU and Non-EU (import);;21X0000000012388;21Z000000000255M;kWh/d;0
50;;;;;;1;entry;Provisional;;1Allocationday2018-01-252018-01-26DE-TSO-0018ITP-00297entrykWh/d;1;Allocation;;;False;True;True;;;;2021-01-15T19:00:04+01:00;DE-TSO-0018;Fluxys Deutschland;;2018-01-25T06:00:00+01:00;2018-01-26T06:00:00+01:00;day;ITP-00297;Greifswald / Fluxys Deutschland;Cross-Border Transmission IP between EU and Non-EU (import);;21X0000000012388;21Z000000000255M;kWh/d;163950864
51;;;;;;1;exit;Provisional;;1Allocationday2018-01-252018-01-26DE-TSO-0018ITP-00297exitkWh/d;1;Allocation;;;False;False;False;;;;2021-01-15T18:59:10+01:00;DE-TSO-0018;Fluxys Deutschland;;2018-01-25T06:00:00+01:00;2018-01-26T06:00:00+01:00;day;ITP-00297;Greifswald / Fluxys Deutschland;Cross-Border Transmission IP between EU and Non-EU (import);;21X0000000012388;21Z000000000255M;kWh/d;0
52;;;;;;1;entry;Provisional;;1Allocationday2018-01-262018-01-27DE-TSO-0018ITP-00297entrykWh/d;1;Allocation;;;False;True;True;;;;2021-01-15T18:57:07+01:00;DE-TSO-0018;Fluxys Deutschland;;2018-01-26T06:00:00+01:00;2018-01-27T06:00:00+01:00;day;ITP-00297;Greifswald / Fluxys Deutschland;Cross-Border Transmission IP between EU and Non-EU (import);;21X0000000012388;21Z000000000255M;kWh/d;163950864
53;;;;;;1;exit;Provisional;;1Allocationday2018-01-262018-01-27DE-TSO-0018ITP-00297exitkWh/d;1;Allocation;;;False;False;False;;;;2021-01-15T18:35:02+01:00;DE-TSO-0018;Fluxys Deutschland;;2018-01-26T06:00:00+01:00;2018-01-27T06:00:00+01:00;day;ITP-00297;Greifswald / Fluxys Deutschland;Cross-Border Transmission IP between EU and Non-EU (import);;21X0000000012388;21Z000000000255M;kWh/d;0
54;;;;;;1;entry;Provisional;;1Allocationday2018-01-272018-01-28DE-TSO-0018ITP-00297entrykWh/d;1;Allocation;;;False;True;True;;;;2021-01-15T19:29:39+01:00;DE-TSO-0018;Fluxys Deutschland;;2018-01-27T06:00:00+01:00;2018-01-28T06:00:00+01:00;day;ITP-00297;Greifswald / Fluxys Deutschland;Cross-Border Transmission IP between EU and Non-EU (import);;21X0000000012388;21Z000000000255M;kWh/d;163950864
55;;;;;;1;exit;Provisional;;1Allocationday2018-01-272018-01-28DE-TSO-0018ITP-00297exitkWh/d;1;Allocation;;;False;False;False;;;;2021-01-15T19:00:13+01:00;DE-TSO-0018;Fluxys Deutschland;;2018-01-27T06:00:00+01:00;2018-01-28T06:00:00+01:00;day;ITP-00297;Greifswald / Fluxys Deutschland;Cross-Border Transmission IP between EU and Non-EU (import);;21X0000000012388;21Z000000000255M;kWh/d;0
56;;;;;;1;entry;Provisional;;1Allocationday2018-01-282018-01-29DE-TSO-0018ITP-00297entrykWh/d;1;Allocation;;;False;True;True;;;;2021-01-15T18:32:18+01:00;DE-TSO-0018;Fluxys Deutschland;;2018-01-28T06:00:00+01:00;2018-01-29T06:00:00+01:00;day;ITP-00297;Greifswald / Fluxys Deutschland;Cross-Border Transmission IP between EU and Non-EU (import);;21X0000000012388;21Z000000000255M;kWh/d;163950864
57;;;;;;1;exit;Provisional;;1Allocationday2018-01-282018-01-29DE-TSO-0018ITP-00297exitkWh/d;1;Allocation;;;False;False;False;;;;2021-01-15T18:57:23+01:00;DE-TSO-0018;Fluxys Deutschland;;2018-01-28T06:00:00+01:00;2018-01-29T06:00:00+01:00;day;ITP-00297;Greifswald / Fluxys Deutschland;Cross-Border Transmission IP between EU and Non-EU (import);;21X0000000012388;21Z000000000255M;kWh/d;0
58;;;;;;1;entry;Provisional;;1Allocationday2018-01-292018-01-30DE-TSO-0018ITP-00297entrykWh/d;1;Allocation;;;False;True;True;;;;2021-01-15T19:25:47+01:00;DE-TSO-0018;Fluxys Deutschland;;2018-01-29T06:00:00+01:00;2018-01-30T06:00:00+01:00;day;ITP-00297;Greifswald / Fluxys Deutschland;Cross-Border Transmission IP between EU and Non-EU (import);;21X0000000012388;21Z000000000255M;kWh/d;163950864
59;;;;;;1;exit;Provisional;;1Allocationday2018-01-292018-01-30DE-TSO-0018ITP-00297exitkWh/d;1;Allocation;;;False;False;False;;;;2021-01-15T18:32:33+01:00;DE-TSO-0018;Fluxys Deutschland;;2018-01-29T06:00:00+01:00;2018-01-30T06:00:00+01:00;day;ITP-00297;Greifswald / Fluxys Deutschland;Cross-Border Transmission IP between EU and Non-EU (import);;21X0000000012388;21Z000000000255M;kWh/d;0
60;;;;;;1;entry;Provisional;;1Allocationday2018-01-302018-01-31DE-TSO-0018ITP-00297entrykWh/d;1;Allocation;;;False;True;True;;;;2021-01-15T18:47:55+01:00;DE-TSO-0018;Fluxys Deutschland;;2018-01-30T06:00:00+01:00;2018-01-31T06:00:00+01:00;day;ITP-00297;Greifswald / Fluxys Deutschland;Cross-Border Transmission IP between EU and Non-EU (import);;21X0000000012388;21Z000000000255M;kWh/d;163950864
61;;;;;;1;exit;Provisional;;1Allocationday2018-01-302018-01-31DE-TSO-0018ITP-00297exitkWh/d;1;Allocation;;;False;False;False;;;;2021-01-15T19:30:09+01:00;DE-TSO-0018;Fluxys Deutschland;;2018-01-30T06:00:00+01:00;2018-01-31T06:00:00+01:00;day;ITP-00297;Greifswald / Fluxys Deutschland;Cross-Border Transmission IP between EU and Non-EU (import);;21X0000000012388;21Z000000000255M;kWh/d;0
62;;;;;;1;entry;Provisional;;1Allocationday2018-01-312018-02-01DE-TSO-0018ITP-00297entrykWh/d;1;Allocation;;;False;True;True;;;;2021-01-15T18:32:18+01:00;DE-TSO-0018;Fluxys Deutschland;;2018-01-31T06:00:00+01:00;2018-02-01T06:00:00+01:00;day;ITP-00297;Greifswald / Fluxys Deutschland;Cross-Border Transmission IP between EU and Non-EU (import);;21X0000000012388;21Z000000000255M;kWh/d;163950864
63;;;;;;1;exit;Provisional;;1Allocationday2018-01-312018-02-01DE-TSO-0018ITP-00297exitkWh/d;1;Allocation;;;False;False;False;;;;2021-01-15T18:57:23+01:00;DE-TSO-0018;Fluxys Deutschland;;2018-01-31T06:00:00+01:00;2018-02-01T06:00:00+01:00;day;ITP-00297;Greifswald / Fluxys Deutschland;Cross-Border Transmission IP between EU and Non-EU (import);;21X0000000012388;21Z000000000255M;kWh/d;0
64;;;;;;1;entry;Provisional;;1Allocationday2018-02-012018-02-02DE-TSO-0018ITP-00297entrykWh/d;1;Allocation;;;False;True;True;;;;2021-01-15T18:58:57+01:00;DE-TSO-0018;Fluxys Deutschland;;2018-02-01T06:00:00+01:00;2018-02-02T06:00:00+01:00;day;ITP-00297;Greifswald / Fluxys Deutschland;Cross-Border Transmission IP between EU and Non-EU (import);;21X0000000012388;21Z000000000255M;kWh/d;163950864
65;;;;;;1;exit;Provisional;;1Allocationday2018-02-012018-02-02DE-TSO-0018ITP-00297exitkWh/d;1;Allocation;;;False;False;False;;;;2021-01-15T18:48:29+01:00;DE-TSO-0018;Fluxys Deutschland;;2018-02-01T06:00:00+01:00;2018-02-02T06:00:00+01:00;day;ITP-00297;Greifswald / Fluxys Deutschland;Cross-Border Transmission IP between EU and Non-EU (import);;21X0000000012388;21Z000000000255M;kWh/d;0
